"Subject","Start Date","Start Time","End Date","End Time","All day event","Description","Show time as","Location"
"Rosh Chodesh Sh'vat","2/1/2014",,,,"true","Beginning of new Hebrew month of Sh'vat","3","Jewish Holidays"
"Parashat Bo","4/1/2014",,,,"true","","3","Jewish Holidays"
"Parashat Beshalach","11/1/2014",,,,"true","","3","Jewish Holidays"
"Tu BiShvat","16/1/2014",,,,"true","New Year for Trees","3","Jewish Holidays"
"Parashat Yitro","18/1/2014",,,,"true","","3","Jewish Holidays"
"Parashat Mishpatim","25/1/2014",,,,"true","","3","Jewish Holidays"
"Rosh Chodesh Adar I","31/1/2014",,,,"true","Beginning of new Hebrew month of Adar","3","Jewish Holidays"
"Parashat Terumah","1/2/2014",,,,"true","","3","Jewish Holidays"
"Rosh Chodesh Adar I","1/2/2014",,,,"true","Beginning of new Hebrew month of Adar","3","Jewish Holidays"
"Parashat Tetzaveh","8/2/2014",,,,"true","","3","Jewish Holidays"
"Purim Katan","14/2/2014",,,,"true","Minor Purim celebration during Adar I on leap years","3","Jewish Holidays"
"Parashat Ki Tisa","15/2/2014",,,,"true","","3","Jewish Holidays"
"Parashat Vayakhel","22/2/2014",,,,"true","","3","Jewish Holidays"
"Parashat Pekudei","1/3/2014",,,,"true","","3","Jewish Holidays"
"Shabbat Shekalim","1/3/2014",,,,"true","Shabbat before Rosh Chodesh Adar","3","Jewish Holidays"
"Rosh Chodesh Adar II","2/3/2014",,,,"true","Beginning of new Hebrew month of Adar","3","Jewish Holidays"
"Rosh Chodesh Adar II","3/3/2014",,,,"true","Beginning of new Hebrew month of Adar","3","Jewish Holidays"
"Parashat Vayikra","8/3/2014",,,,"true","","3","Jewish Holidays"
"Ta'anit Esther","13/3/2014",,,,"true","Fast of Esther","3","Jewish Holidays"
"Parashat Tzav","15/3/2014",,,,"true","","3","Jewish Holidays"
"Shabbat Zachor","15/3/2014",,,,"true","Shabbat before Purim","3","Jewish Holidays"
"Erev Purim","15/3/2014",,,,"true","Purim is one of the most joyous and fun holidays on the Jewish calendar","3","Jewish Holidays"
"Purim","16/3/2014",,,,"true","Purim is one of the most joyous and fun holidays on the Jewish calendar","3","Jewish Holidays"
"Shushan Purim","17/3/2014",,,,"true","Purim celebrated in Jerusalem and walled cities","3","Jewish Holidays"
"Parashat Shmini","22/3/2014",,,,"true","","3","Jewish Holidays"
"Shabbat Parah","22/3/2014",,,,"true","Shabbat of the Red Heifer","3","Jewish Holidays"
"Parashat Tazria","29/3/2014",,,,"true","","3","Jewish Holidays"
"Shabbat HaChodesh","29/3/2014",,,,"true","Shabbat before Rosh Chodesh Nissan","3","Jewish Holidays"
"Rosh Chodesh Nisan","1/4/2014",,,,"true","Beginning of new Hebrew month of Nisan","3","Jewish Holidays"
"Parashat Metzora","5/4/2014",,,,"true","","3","Jewish Holidays"
"Parashat Achrei Mot","12/4/2014",,,,"true","","3","Jewish Holidays"
"Shabbat HaGadol","12/4/2014",,,,"true","Shabbat before Pesach","3","Jewish Holidays"
"Ta'anit Bechorot","14/4/2014",,,,"true","Fast of the First Born","3","Jewish Holidays"
"Erev Pesach","14/4/2014",,,,"true","Passover; the Feast of Unleavened Bread","3","Jewish Holidays"
"Pesach I","15/4/2014",,,,"true","Passover; the Feast of Unleavened Bread","4","Jewish Holidays"
"Pesach II","16/4/2014",,,,"true","Passover; the Feast of Unleavened Bread","4","Jewish Holidays"
"Pesach III (CH''M)","17/4/2014",,,,"true","Passover; the Feast of Unleavened Bread","3","Jewish Holidays"
"Pesach IV (CH''M)","18/4/2014",,,,"true","Passover; the Feast of Unleavened Bread","3","Jewish Holidays"
"Pesach V (CH''M)","19/4/2014",,,,"true","Passover; the Feast of Unleavened Bread","3","Jewish Holidays"
"Pesach VI (CH''M)","20/4/2014",,,,"true","Passover; the Feast of Unleavened Bread","3","Jewish Holidays"
"Pesach VII","21/4/2014",,,,"true","Passover; the Feast of Unleavened Bread","4","Jewish Holidays"
"Pesach VIII","22/4/2014",,,,"true","Passover; the Feast of Unleavened Bread","4","Jewish Holidays"
"Parashat Kedoshim","26/4/2014",,,,"true","","3","Jewish Holidays"
"Yom HaShoah","28/4/2014",,,,"true","Holocaust Memorial Day","3","Jewish Holidays"
"Rosh Chodesh Iyyar","30/4/2014",,,,"true","Beginning of new Hebrew month of Iyyar","3","Jewish Holidays"
"Rosh Chodesh Iyyar","1/5/2014",,,,"true","Beginning of new Hebrew month of Iyyar","3","Jewish Holidays"
"Parashat Emor","3/5/2014",,,,"true","","3","Jewish Holidays"
"Yom HaZikaron","5/5/2014",,,,"true","Israeli Memorial Day","3","Jewish Holidays"
"Yom HaAtzma'ut","6/5/2014",,,,"true","Israeli Independence Day","3","Jewish Holidays"
"Parashat Behar","10/5/2014",,,,"true","","3","Jewish Holidays"
"Pesach Sheni","14/5/2014",,,,"true","Second Passover; one month after Passover","3","Jewish Holidays"
"Parashat Bechukotai","17/5/2014",,,,"true","","3","Jewish Holidays"
"Lag B'Omer","18/5/2014",,,,"true","33rd day of counting the Omer","3","Jewish Holidays"
"Parashat Bamidbar","24/5/2014",,,,"true","","3","Jewish Holidays"
"Yom Yerushalayim","28/5/2014",,,,"true","Jerusalem Day","3","Jewish Holidays"
"Rosh Chodesh Sivan","30/5/2014",,,,"true","Beginning of new Hebrew month of Sivan","3","Jewish Holidays"
"Parashat Nasso","31/5/2014",,,,"true","","3","Jewish Holidays"
"Erev Shavuot","3/6/2014",,,,"true","Festival of Weeks; commemorates the giving of the Torah at Mount Sinai","3","Jewish Holidays"
"Shavuot I","4/6/2014",,,,"true","Festival of Weeks; commemorates the giving of the Torah at Mount Sinai","4","Jewish Holidays"
"Shavuot II","5/6/2014",,,,"true","Festival of Weeks; commemorates the giving of the Torah at Mount Sinai","4","Jewish Holidays"
"Parashat Beha'alotcha","7/6/2014",,,,"true","","3","Jewish Holidays"
"Parashat Sh'lach","14/6/2014",,,,"true","","3","Jewish Holidays"
"Parashat Korach","21/6/2014",,,,"true","","3","Jewish Holidays"
"Parashat Chukat","28/6/2014",,,,"true","","3","Jewish Holidays"
"Rosh Chodesh Tamuz","28/6/2014",,,,"true","Beginning of new Hebrew month of Tamuz","3","Jewish Holidays"
"Rosh Chodesh Tamuz","29/6/2014",,,,"true","Beginning of new Hebrew month of Tamuz","3","Jewish Holidays"
"Parashat Balak","5/7/2014",,,,"true","","3","Jewish Holidays"
"Parashat Pinchas","12/7/2014",,,,"true","","3","Jewish Holidays"
"Tzom Tammuz","15/7/2014",,,,"true","Fast commemorating breaching of the walls of Jerusalem by Nebuchadnezzar","3","Jewish Holidays"
"Parashat Matot","19/7/2014",,,,"true","","3","Jewish Holidays"
"Parashat Masei","26/7/2014",,,,"true","","3","Jewish Holidays"
"Rosh Chodesh Av","28/7/2014",,,,"true","Beginning of new Hebrew month of Av","3","Jewish Holidays"
"Parashat Devarim","2/8/2014",,,,"true","","3","Jewish Holidays"
"Shabbat Chazon","2/8/2014",,,,"true","Shabbat before Tish'a B'Av (Shabbat of Prophecy/Shabbat of Vision)","3","Jewish Holidays"
"Erev Tish'a B'Av","4/8/2014",,,,"true","The Ninth of Av; fast commemorating the destruction of the two Temples","3","Jewish Holidays"
"Tish'a B'Av","5/8/2014",,,,"true","The Ninth of Av; fast commemorating the destruction of the two Temples","3","Jewish Holidays"
"Parashat Vaetchanan","9/8/2014",,,,"true","","3","Jewish Holidays"
"Shabbat Nachamu","9/8/2014",,,,"true","Shabbat after Tish'a B'Av (Shabbat of Consolation)","3","Jewish Holidays"
"Parashat Eikev","16/8/2014",,,,"true","","3","Jewish Holidays"
"Parashat Re'eh","23/8/2014",,,,"true","","3","Jewish Holidays"
"Rosh Chodesh Elul","26/8/2014",,,,"true","Beginning of new Hebrew month of Elul","3","Jewish Holidays"
"Rosh Chodesh Elul","27/8/2014",,,,"true","Beginning of new Hebrew month of Elul","3","Jewish Holidays"
"Parashat Shoftim","30/8/2014",,,,"true","","3","Jewish Holidays"
"Parashat Ki Teitzei","6/9/2014",,,,"true","","3","Jewish Holidays"
"Parashat Ki Tavo","13/9/2014",,,,"true","","3","Jewish Holidays"
"Parashat Nitzavim-Vayeilech","20/9/2014",,,,"true","","3","Jewish Holidays"
"Leil Selichot","20/9/2014",,,,"true","Prayers for forgivenes in preparation for the High Holidays","3","Jewish Holidays"
"Erev Rosh Hashana","24/9/2014",,,,"true","The Jewish New Year","3","Jewish Holidays"
"Rosh Hashana 5775","25/9/2014",,,,"true","The Jewish New Year","4","Jewish Holidays"
"Rosh Hashana II","26/9/2014",,,,"true","The Jewish New Year","4","Jewish Holidays"
"Parashat Ha'Azinu","27/9/2014",,,,"true","","3","Jewish Holidays"
"Shabbat Shuva","27/9/2014",,,,"true","Shabbat that falls between Rosh Hashanah and Yom Kippur (Shabbat of Returning)","3","Jewish Holidays"
"Tzom Gedaliah","28/9/2014",,,,"true","Fast of the Seventh Month; commemorates the assassination of the Jewish governor of Judah","3","Jewish Holidays"
"Erev Yom Kippur","3/10/2014",,,,"true","Day of Atonement","3","Jewish Holidays"
"Yom Kippur","4/10/2014",,,,"true","Day of Atonement","4","Jewish Holidays"
"Erev Sukkot","8/10/2014",,,,"true","Feast of Tabernacles","3","Jewish Holidays"
"Sukkot I","9/10/2014",,,,"true","Feast of Tabernacles","4","Jewish Holidays"
"Sukkot II","10/10/2014",,,,"true","Feast of Tabernacles","4","Jewish Holidays"
"Sukkot III (CH''M)","11/10/2014",,,,"true","Feast of Tabernacles","3","Jewish Holidays"
"Sukkot IV (CH''M)","12/10/2014",,,,"true","Feast of Tabernacles","3","Jewish Holidays"
"Sukkot V (CH''M)","13/10/2014",,,,"true","Feast of Tabernacles","3","Jewish Holidays"
"Sukkot VI (CH''M)","14/10/2014",,,,"true","Feast of Tabernacles","3","Jewish Holidays"
"Sukkot VII (Hoshana Raba)","15/10/2014",,,,"true","Feast of Tabernacles","3","Jewish Holidays"
"Shmini Atzeret","16/10/2014",,,,"true","Eighth Day of Assembly","4","Jewish Holidays"
"Simchat Torah","17/10/2014",,,,"true","Day of Celebrating the Torah","4","Jewish Holidays"
"Parashat Bereshit","18/10/2014",,,,"true","","3","Jewish Holidays"
"Rosh Chodesh Cheshvan","24/10/2014",,,,"true","Beginning of new Hebrew month of Cheshvan","3","Jewish Holidays"
"Parashat Noach","25/10/2014",,,,"true","","3","Jewish Holidays"
"Rosh Chodesh Cheshvan","25/10/2014",,,,"true","Beginning of new Hebrew month of Cheshvan","3","Jewish Holidays"
"Parashat Lech-Lecha","1/11/2014",,,,"true","","3","Jewish Holidays"
"Parashat Vayera","8/11/2014",,,,"true","","3","Jewish Holidays"
"Parashat Chayei Sara","15/11/2014",,,,"true","","3","Jewish Holidays"
"Parashat Toldot","22/11/2014",,,,"true","","3","Jewish Holidays"
"Rosh Chodesh Kislev","23/11/2014",,,,"true","Beginning of new Hebrew month of Kislev","3","Jewish Holidays"
"Parashat Vayetzei","29/11/2014",,,,"true","","3","Jewish Holidays"
"Parashat Vayishlach","6/12/2014",,,,"true","","3","Jewish Holidays"
"Parashat Vayeshev","13/12/2014",,,,"true","","3","Jewish Holidays"
"Chanukah: 1 Candle","16/12/2014",,,,"true","The Jewish festival of rededication; also known as the Festival of Lights","3","Jewish Holidays"
"Chanukah: 2 Candles","17/12/2014",,,,"true","The Jewish festival of rededication; also known as the Festival of Lights","3","Jewish Holidays"
"Chanukah: 3 Candles","18/12/2014",,,,"true","The Jewish festival of rededication; also known as the Festival of Lights","3","Jewish Holidays"
"Chanukah: 4 Candles","19/12/2014",,,,"true","The Jewish festival of rededication; also known as the Festival of Lights","3","Jewish Holidays"
"Parashat Miketz","20/12/2014",,,,"true","","3","Jewish Holidays"
"Chanukah: 5 Candles","20/12/2014",,,,"true","The Jewish festival of rededication; also known as the Festival of Lights","3","Jewish Holidays"
"Chanukah: 6 Candles","21/12/2014",,,,"true","The Jewish festival of rededication; also known as the Festival of Lights","3","Jewish Holidays"
"Rosh Chodesh Tevet","22/12/2014",,,,"true","Beginning of new Hebrew month of Tevet","3","Jewish Holidays"
"Chanukah: 7 Candles","22/12/2014",,,,"true","The Jewish festival of rededication; also known as the Festival of Lights","3","Jewish Holidays"
"Rosh Chodesh Tevet","23/12/2014",,,,"true","Beginning of new Hebrew month of Tevet","3","Jewish Holidays"
"Chanukah: 8 Candles","23/12/2014",,,,"true","The Jewish festival of rededication; also known as the Festival of Lights","3","Jewish Holidays"
"Chanukah: 8th Day","24/12/2014",,,,"true","The Jewish festival of rededication; also known as the Festival of Lights","3","Jewish Holidays"
"Parashat Vayigash","27/12/2014",,,,"true","","3","Jewish Holidays"
"Asara B'Tevet","1/1/2015",,,,"true","Fast commemorating the siege of Jerusalem","3","Jewish Holidays"
"Parashat Vayechi","3/1/2015",,,,"true","","3","Jewish Holidays"
"Parashat Shemot","10/1/2015",,,,"true","","3","Jewish Holidays"
"Parashat Vaera","17/1/2015",,,,"true","","3","Jewish Holidays"
"Rosh Chodesh Sh'vat","21/1/2015",,,,"true","Beginning of new Hebrew month of Sh'vat","3","Jewish Holidays"
"Parashat Bo","24/1/2015",,,,"true","","3","Jewish Holidays"
"Parashat Beshalach","31/1/2015",,,,"true","","3","Jewish Holidays"
"Tu BiShvat","4/2/2015",,,,"true","New Year for Trees","3","Jewish Holidays"
"Parashat Yitro","7/2/2015",,,,"true","","3","Jewish Holidays"
"Parashat Mishpatim","14/2/2015",,,,"true","","3","Jewish Holidays"
"Shabbat Shekalim","14/2/2015",,,,"true","Shabbat before Rosh Chodesh Adar","3","Jewish Holidays"
"Rosh Chodesh Adar","19/2/2015",,,,"true","Beginning of new Hebrew month of Adar","3","Jewish Holidays"
"Rosh Chodesh Adar","20/2/2015",,,,"true","Beginning of new Hebrew month of Adar","3","Jewish Holidays"
"Parashat Terumah","21/2/2015",,,,"true","","3","Jewish Holidays"
"Parashat Tetzaveh","28/2/2015",,,,"true","","3","Jewish Holidays"
"Shabbat Zachor","28/2/2015",,,,"true","Shabbat before Purim","3","Jewish Holidays"
"Ta'anit Esther","4/3/2015",,,,"true","Fast of Esther","3","Jewish Holidays"
"Erev Purim","4/3/2015",,,,"true","Purim is one of the most joyous and fun holidays on the Jewish calendar","3","Jewish Holidays"
"Purim","5/3/2015",,,,"true","Purim is one of the most joyous and fun holidays on the Jewish calendar","3","Jewish Holidays"
"Shushan Purim","6/3/2015",,,,"true","Purim celebrated in Jerusalem and walled cities","3","Jewish Holidays"
"Parashat Ki Tisa","7/3/2015",,,,"true","","3","Jewish Holidays"
"Parashat Vayakhel-Pekudei","14/3/2015",,,,"true","","3","Jewish Holidays"
"Shabbat Parah","14/3/2015",,,,"true","Shabbat of the Red Heifer","3","Jewish Holidays"
"Parashat Vayikra","21/3/2015",,,,"true","","3","Jewish Holidays"
"Rosh Chodesh Nisan","21/3/2015",,,,"true","Beginning of new Hebrew month of Nisan","3","Jewish Holidays"
"Shabbat HaChodesh","21/3/2015",,,,"true","Shabbat before Rosh Chodesh Nissan","3","Jewish Holidays"
"Parashat Tzav","28/3/2015",,,,"true","","3","Jewish Holidays"
"Shabbat HaGadol","28/3/2015",,,,"true","Shabbat before Pesach","3","Jewish Holidays"
"Ta'anit Bechorot","3/4/2015",,,,"true","Fast of the First Born","3","Jewish Holidays"
"Erev Pesach","3/4/2015",,,,"true","Passover; the Feast of Unleavened Bread","3","Jewish Holidays"
"Pesach I","4/4/2015",,,,"true","Passover; the Feast of Unleavened Bread","4","Jewish Holidays"
"Pesach II","5/4/2015",,,,"true","Passover; the Feast of Unleavened Bread","4","Jewish Holidays"
"Pesach III (CH''M)","6/4/2015",,,,"true","Passover; the Feast of Unleavened Bread","3","Jewish Holidays"
"Pesach IV (CH''M)","7/4/2015",,,,"true","Passover; the Feast of Unleavened Bread","3","Jewish Holidays"
"Pesach V (CH''M)","8/4/2015",,,,"true","Passover; the Feast of Unleavened Bread","3","Jewish Holidays"
"Pesach VI (CH''M)","9/4/2015",,,,"true","Passover; the Feast of Unleavened Bread","3","Jewish Holidays"
"Pesach VII","10/4/2015",,,,"true","Passover; the Feast of Unleavened Bread","4","Jewish Holidays"
"Pesach VIII","11/4/2015",,,,"true","Passover; the Feast of Unleavened Bread","4","Jewish Holidays"
"Yom HaShoah","16/4/2015",,,,"true","Holocaust Memorial Day","3","Jewish Holidays"
"Parashat Shmini","18/4/2015",,,,"true","","3","Jewish Holidays"
"Rosh Chodesh Iyyar","19/4/2015",,,,"true","Beginning of new Hebrew month of Iyyar","3","Jewish Holidays"
"Rosh Chodesh Iyyar","20/4/2015",,,,"true","Beginning of new Hebrew month of Iyyar","3","Jewish Holidays"
"Yom HaZikaron","22/4/2015",,,,"true","Israeli Memorial Day","3","Jewish Holidays"
"Yom HaAtzma'ut","23/4/2015",,,,"true","Israeli Independence Day","3","Jewish Holidays"
"Parashat Tazria-Metzora","25/4/2015",,,,"true","","3","Jewish Holidays"
"Parashat Achrei Mot-Kedoshim","2/5/2015",,,,"true","","3","Jewish Holidays"
"Pesach Sheni","3/5/2015",,,,"true","Second Passover; one month after Passover","3","Jewish Holidays"
"Lag B'Omer","7/5/2015",,,,"true","33rd day of counting the Omer","3","Jewish Holidays"
"Parashat Emor","9/5/2015",,,,"true","","3","Jewish Holidays"
"Parashat Behar-Bechukotai","16/5/2015",,,,"true","","3","Jewish Holidays"
"Yom Yerushalayim","17/5/2015",,,,"true","Jerusalem Day","3","Jewish Holidays"
"Rosh Chodesh Sivan","19/5/2015",,,,"true","Beginning of new Hebrew month of Sivan","3","Jewish Holidays"
"Parashat Bamidbar","23/5/2015",,,,"true","","3","Jewish Holidays"
"Erev Shavuot","23/5/2015",,,,"true","Festival of Weeks; commemorates the giving of the Torah at Mount Sinai","3","Jewish Holidays"
"Shavuot I","24/5/2015",,,,"true","Festival of Weeks; commemorates the giving of the Torah at Mount Sinai","4","Jewish Holidays"
"Shavuot II","25/5/2015",,,,"true","Festival of Weeks; commemorates the giving of the Torah at Mount Sinai","4","Jewish Holidays"
"Parashat Nasso","30/5/2015",,,,"true","","3","Jewish Holidays"
"Parashat Beha'alotcha","6/6/2015",,,,"true","","3","Jewish Holidays"
"Parashat Sh'lach","13/6/2015",,,,"true","","3","Jewish Holidays"
"Rosh Chodesh Tamuz","17/6/2015",,,,"true","Beginning of new Hebrew month of Tamuz","3","Jewish Holidays"
"Rosh Chodesh Tamuz","18/6/2015",,,,"true","Beginning of new Hebrew month of Tamuz","3","Jewish Holidays"
"Parashat Korach","20/6/2015",,,,"true","","3","Jewish Holidays"
"Parashat Chukat","27/6/2015",,,,"true","","3","Jewish Holidays"
"Parashat Balak","4/7/2015",,,,"true","","3","Jewish Holidays"
"Tzom Tammuz","5/7/2015",,,,"true","Fast commemorating breaching of the walls of Jerusalem by Nebuchadnezzar","3","Jewish Holidays"
"Parashat Pinchas","11/7/2015",,,,"true","","3","Jewish Holidays"
"Rosh Chodesh Av","17/7/2015",,,,"true","Beginning of new Hebrew month of Av","3","Jewish Holidays"
"Parashat Matot-Masei","18/7/2015",,,,"true","","3","Jewish Holidays"
"Parashat Devarim","25/7/2015",,,,"true","","3","Jewish Holidays"
"Shabbat Chazon","25/7/2015",,,,"true","Shabbat before Tish'a B'Av (Shabbat of Prophecy/Shabbat of Vision)","3","Jewish Holidays"
"Erev Tish'a B'Av","25/7/2015",,,,"true","The Ninth of Av; fast commemorating the destruction of the two Temples","3","Jewish Holidays"
"Tish'a B'Av","26/7/2015",,,,"true","The Ninth of Av; fast commemorating the destruction of the two Temples","3","Jewish Holidays"
"Parashat Vaetchanan","1/8/2015",,,,"true","","3","Jewish Holidays"
"Shabbat Nachamu","1/8/2015",,,,"true","Shabbat after Tish'a B'Av (Shabbat of Consolation)","3","Jewish Holidays"
"Parashat Eikev","8/8/2015",,,,"true","","3","Jewish Holidays"
"Parashat Re'eh","15/8/2015",,,,"true","","3","Jewish Holidays"
"Rosh Chodesh Elul","15/8/2015",,,,"true","Beginning of new Hebrew month of Elul","3","Jewish Holidays"
"Rosh Chodesh Elul","16/8/2015",,,,"true","Beginning of new Hebrew month of Elul","3","Jewish Holidays"
"Parashat Shoftim","22/8/2015",,,,"true","","3","Jewish Holidays"
"Parashat Ki Teitzei","29/8/2015",,,,"true","","3","Jewish Holidays"
"Parashat Ki Tavo","5/9/2015",,,,"true","","3","Jewish Holidays"
"Leil Selichot","5/9/2015",,,,"true","Prayers for forgivenes in preparation for the High Holidays","3","Jewish Holidays"
"Parashat Nitzavim","12/9/2015",,,,"true","","3","Jewish Holidays"
"Erev Rosh Hashana","13/9/2015",,,,"true","The Jewish New Year","3","Jewish Holidays"
"Rosh Hashana 5776","14/9/2015",,,,"true","The Jewish New Year","4","Jewish Holidays"
"Rosh Hashana II","15/9/2015",,,,"true","The Jewish New Year","4","Jewish Holidays"
"Tzom Gedaliah","16/9/2015",,,,"true","Fast of the Seventh Month; commemorates the assassination of the Jewish governor of Judah","3","Jewish Holidays"
"Parashat Vayeilech","19/9/2015",,,,"true","","3","Jewish Holidays"
"Shabbat Shuva","19/9/2015",,,,"true","Shabbat that falls between Rosh Hashanah and Yom Kippur (Shabbat of Returning)","3","Jewish Holidays"
"Erev Yom Kippur","22/9/2015",,,,"true","Day of Atonement","3","Jewish Holidays"
"Yom Kippur","23/9/2015",,,,"true","Day of Atonement","4","Jewish Holidays"
"Parashat Ha'Azinu","26/9/2015",,,,"true","","3","Jewish Holidays"
"Erev Sukkot","27/9/2015",,,,"true","Feast of Tabernacles","3","Jewish Holidays"
"Sukkot I","28/9/2015",,,,"true","Feast of Tabernacles","4","Jewish Holidays"
"Sukkot II","29/9/2015",,,,"true","Feast of Tabernacles","4","Jewish Holidays"
"Sukkot III (CH''M)","30/9/2015",,,,"true","Feast of Tabernacles","3","Jewish Holidays"
"Sukkot IV (CH''M)","1/10/2015",,,,"true","Feast of Tabernacles","3","Jewish Holidays"
"Sukkot V (CH''M)","2/10/2015",,,,"true","Feast of Tabernacles","3","Jewish Holidays"
"Sukkot VI (CH''M)","3/10/2015",,,,"true","Feast of Tabernacles","3","Jewish Holidays"
"Sukkot VII (Hoshana Raba)","4/10/2015",,,,"true","Feast of Tabernacles","3","Jewish Holidays"
"Shmini Atzeret","5/10/2015",,,,"true","Eighth Day of Assembly","4","Jewish Holidays"
"Simchat Torah","6/10/2015",,,,"true","Day of Celebrating the Torah","4","Jewish Holidays"
"Parashat Bereshit","10/10/2015",,,,"true","","3","Jewish Holidays"
"Rosh Chodesh Cheshvan","13/10/2015",,,,"true","Beginning of new Hebrew month of Cheshvan","3","Jewish Holidays"
"Rosh Chodesh Cheshvan","14/10/2015",,,,"true","Beginning of new Hebrew month of Cheshvan","3","Jewish Holidays"
"Parashat Noach","17/10/2015",,,,"true","","3","Jewish Holidays"
"Parashat Lech-Lecha","24/10/2015",,,,"true","","3","Jewish Holidays"
"Parashat Vayera","31/10/2015",,,,"true","","3","Jewish Holidays"
"Parashat Chayei Sara","7/11/2015",,,,"true","","3","Jewish Holidays"
"Rosh Chodesh Kislev","12/11/2015",,,,"true","Beginning of new Hebrew month of Kislev","3","Jewish Holidays"
"Rosh Chodesh Kislev","13/11/2015",,,,"true","Beginning of new Hebrew month of Kislev","3","Jewish Holidays"
"Parashat Toldot","14/11/2015",,,,"true","","3","Jewish Holidays"
"Parashat Vayetzei","21/11/2015",,,,"true","","3","Jewish Holidays"
"Parashat Vayishlach","28/11/2015",,,,"true","","3","Jewish Holidays"
"Parashat Vayeshev","5/12/2015",,,,"true","","3","Jewish Holidays"
"Chanukah: 1 Candle","6/12/2015",,,,"true","The Jewish festival of rededication; also known as the Festival of Lights","3","Jewish Holidays"
"Chanukah: 2 Candles","7/12/2015",,,,"true","The Jewish festival of rededication; also known as the Festival of Lights","3","Jewish Holidays"
"Chanukah: 3 Candles","8/12/2015",,,,"true","The Jewish festival of rededication; also known as the Festival of Lights","3","Jewish Holidays"
"Chanukah: 4 Candles","9/12/2015",,,,"true","The Jewish festival of rededication; also known as the Festival of Lights","3","Jewish Holidays"
"Chanukah: 5 Candles","10/12/2015",,,,"true","The Jewish festival of rededication; also known as the Festival of Lights","3","Jewish Holidays"
"Chanukah: 6 Candles","11/12/2015",,,,"true","The Jewish festival of rededication; also known as the Festival of Lights","3","Jewish Holidays"
"Parashat Miketz","12/12/2015",,,,"true","","3","Jewish Holidays"
"Rosh Chodesh Tevet","12/12/2015",,,,"true","Beginning of new Hebrew month of Tevet","3","Jewish Holidays"
"Chanukah: 7 Candles","12/12/2015",,,,"true","The Jewish festival of rededication; also known as the Festival of Lights","3","Jewish Holidays"
"Rosh Chodesh Tevet","13/12/2015",,,,"true","Beginning of new Hebrew month of Tevet","3","Jewish Holidays"
"Chanukah: 8 Candles","13/12/2015",,,,"true","The Jewish festival of rededication; also known as the Festival of Lights","3","Jewish Holidays"
"Chanukah: 8th Day","14/12/2015",,,,"true","The Jewish festival of rededication; also known as the Festival of Lights","3","Jewish Holidays"
"Parashat Vayigash","19/12/2015",,,,"true","","3","Jewish Holidays"
"Asara B'Tevet","22/12/2015",,,,"true","Fast commemorating the siege of Jerusalem","3","Jewish Holidays"
"Parashat Vayechi","26/12/2015",,,,"true","","3","Jewish Holidays"
"Parashat Shemot","2/1/2016",,,,"true","","3","Jewish Holidays"
"Parashat Vaera","9/1/2016",,,,"true","","3","Jewish Holidays"
"Rosh Chodesh Sh'vat","11/1/2016",,,,"true","Beginning of new Hebrew month of Sh'vat","3","Jewish Holidays"
"Parashat Bo","16/1/2016",,,,"true","","3","Jewish Holidays"
"Parashat Beshalach","23/1/2016",,,,"true","","3","Jewish Holidays"
"Tu BiShvat","25/1/2016",,,,"true","New Year for Trees","3","Jewish Holidays"
"Parashat Yitro","30/1/2016",,,,"true","","3","Jewish Holidays"
"Parashat Mishpatim","6/2/2016",,,,"true","","3","Jewish Holidays"
"Rosh Chodesh Adar I","9/2/2016",,,,"true","Beginning of new Hebrew month of Adar","3","Jewish Holidays"
"Rosh Chodesh Adar I","10/2/2016",,,,"true","Beginning of new Hebrew month of Adar","3","Jewish Holidays"
"Parashat Terumah","13/2/2016",,,,"true","","3","Jewish Holidays"
"Parashat Tetzaveh","20/2/2016",,,,"true","","3","Jewish Holidays"
"Purim Katan","23/2/2016",,,,"true","Minor Purim celebration during Adar I on leap years","3","Jewish Holidays"
"Parashat Ki Tisa","27/2/2016",,,,"true","","3","Jewish Holidays"
"Parashat Vayakhel","5/3/2016",,,,"true","","3","Jewish Holidays"
"Shabbat Shekalim","5/3/2016",,,,"true","Shabbat before Rosh Chodesh Adar","3","Jewish Holidays"
"Rosh Chodesh Adar II","10/3/2016",,,,"true","Beginning of new Hebrew month of Adar","3","Jewish Holidays"
"Rosh Chodesh Adar II","11/3/2016",,,,"true","Beginning of new Hebrew month of Adar","3","Jewish Holidays"
"Parashat Pekudei","12/3/2016",,,,"true","","3","Jewish Holidays"
"Parashat Vayikra","19/3/2016",,,,"true","","3","Jewish Holidays"
"Shabbat Zachor","19/3/2016",,,,"true","Shabbat before Purim","3","Jewish Holidays"
"Ta'anit Esther","23/3/2016",,,,"true","Fast of Esther","3","Jewish Holidays"
"Erev Purim","23/3/2016",,,,"true","Purim is one of the most joyous and fun holidays on the Jewish calendar","3","Jewish Holidays"
"Purim","24/3/2016",,,,"true","Purim is one of the most joyous and fun holidays on the Jewish calendar","3","Jewish Holidays"
"Shushan Purim","25/3/2016",,,,"true","Purim celebrated in Jerusalem and walled cities","3","Jewish Holidays"
"Parashat Tzav","26/3/2016",,,,"true","","3","Jewish Holidays"
"Parashat Shmini","2/4/2016",,,,"true","","3","Jewish Holidays"
"Shabbat Parah","2/4/2016",,,,"true","Shabbat of the Red Heifer","3","Jewish Holidays"
"Parashat Tazria","9/4/2016",,,,"true","","3","Jewish Holidays"
"Rosh Chodesh Nisan","9/4/2016",,,,"true","Beginning of new Hebrew month of Nisan","3","Jewish Holidays"
"Shabbat HaChodesh","9/4/2016",,,,"true","Shabbat before Rosh Chodesh Nissan","3","Jewish Holidays"
"Parashat Metzora","16/4/2016",,,,"true","","3","Jewish Holidays"
"Shabbat HaGadol","16/4/2016",,,,"true","Shabbat before Pesach","3","Jewish Holidays"
"Ta'anit Bechorot","22/4/2016",,,,"true","Fast of the First Born","3","Jewish Holidays"
"Erev Pesach","22/4/2016",,,,"true","Passover; the Feast of Unleavened Bread","3","Jewish Holidays"
"Pesach I","23/4/2016",,,,"true","Passover; the Feast of Unleavened Bread","4","Jewish Holidays"
"Pesach II","24/4/2016",,,,"true","Passover; the Feast of Unleavened Bread","4","Jewish Holidays"
"Pesach III (CH''M)","25/4/2016",,,,"true","Passover; the Feast of Unleavened Bread","3","Jewish Holidays"
"Pesach IV (CH''M)","26/4/2016",,,,"true","Passover; the Feast of Unleavened Bread","3","Jewish Holidays"
"Pesach V (CH''M)","27/4/2016",,,,"true","Passover; the Feast of Unleavened Bread","3","Jewish Holidays"
"Pesach VI (CH''M)","28/4/2016",,,,"true","Passover; the Feast of Unleavened Bread","3","Jewish Holidays"
"Pesach VII","29/4/2016",,,,"true","Passover; the Feast of Unleavened Bread","4","Jewish Holidays"
"Pesach VIII","30/4/2016",,,,"true","Passover; the Feast of Unleavened Bread","4","Jewish Holidays"
"Yom HaShoah","5/5/2016",,,,"true","Holocaust Memorial Day","3","Jewish Holidays"
"Parashat Achrei Mot","7/5/2016",,,,"true","","3","Jewish Holidays"
"Rosh Chodesh Iyyar","8/5/2016",,,,"true","Beginning of new Hebrew month of Iyyar","3","Jewish Holidays"
"Rosh Chodesh Iyyar","9/5/2016",,,,"true","Beginning of new Hebrew month of Iyyar","3","Jewish Holidays"
"Yom HaZikaron","11/5/2016",,,,"true","Israeli Memorial Day","3","Jewish Holidays"
"Yom HaAtzma'ut","12/5/2016",,,,"true","Israeli Independence Day","3","Jewish Holidays"
"Parashat Kedoshim","14/5/2016",,,,"true","","3","Jewish Holidays"
"Parashat Emor","21/5/2016",,,,"true","","3","Jewish Holidays"
"Pesach Sheni","22/5/2016",,,,"true","Second Passover; one month after Passover","3","Jewish Holidays"
"Lag B'Omer","26/5/2016",,,,"true","33rd day of counting the Omer","3","Jewish Holidays"
"Parashat Behar","28/5/2016",,,,"true","","3","Jewish Holidays"
"Parashat Bechukotai","4/6/2016",,,,"true","","3","Jewish Holidays"
"Yom Yerushalayim","5/6/2016",,,,"true","Jerusalem Day","3","Jewish Holidays"
"Rosh Chodesh Sivan","7/6/2016",,,,"true","Beginning of new Hebrew month of Sivan","3","Jewish Holidays"
"Parashat Bamidbar","11/6/2016",,,,"true","","3","Jewish Holidays"
"Erev Shavuot","11/6/2016",,,,"true","Festival of Weeks; commemorates the giving of the Torah at Mount Sinai","3","Jewish Holidays"
"Shavuot I","12/6/2016",,,,"true","Festival of Weeks; commemorates the giving of the Torah at Mount Sinai","4","Jewish Holidays"
"Shavuot II","13/6/2016",,,,"true","Festival of Weeks; commemorates the giving of the Torah at Mount Sinai","4","Jewish Holidays"
"Parashat Nasso","18/6/2016",,,,"true","","3","Jewish Holidays"
"Parashat Beha'alotcha","25/6/2016",,,,"true","","3","Jewish Holidays"
"Parashat Sh'lach","2/7/2016",,,,"true","","3","Jewish Holidays"
"Rosh Chodesh Tamuz","6/7/2016",,,,"true","Beginning of new Hebrew month of Tamuz","3","Jewish Holidays"
"Rosh Chodesh Tamuz","7/7/2016",,,,"true","Beginning of new Hebrew month of Tamuz","3","Jewish Holidays"
"Parashat Korach","9/7/2016",,,,"true","","3","Jewish Holidays"
"Parashat Chukat","16/7/2016",,,,"true","","3","Jewish Holidays"
"Parashat Balak","23/7/2016",,,,"true","","3","Jewish Holidays"
"Tzom Tammuz","24/7/2016",,,,"true","Fast commemorating breaching of the walls of Jerusalem by Nebuchadnezzar","3","Jewish Holidays"
"Parashat Pinchas","30/7/2016",,,,"true","","3","Jewish Holidays"
"Rosh Chodesh Av","5/8/2016",,,,"true","Beginning of new Hebrew month of Av","3","Jewish Holidays"
"Parashat Matot-Masei","6/8/2016",,,,"true","","3","Jewish Holidays"
"Parashat Devarim","13/8/2016",,,,"true","","3","Jewish Holidays"
"Shabbat Chazon","13/8/2016",,,,"true","Shabbat before Tish'a B'Av (Shabbat of Prophecy/Shabbat of Vision)","3","Jewish Holidays"
"Erev Tish'a B'Av","13/8/2016",,,,"true","The Ninth of Av; fast commemorating the destruction of the two Temples","3","Jewish Holidays"
"Tish'a B'Av","14/8/2016",,,,"true","The Ninth of Av; fast commemorating the destruction of the two Temples","3","Jewish Holidays"
"Parashat Vaetchanan","20/8/2016",,,,"true","","3","Jewish Holidays"
"Shabbat Nachamu","20/8/2016",,,,"true","Shabbat after Tish'a B'Av (Shabbat of Consolation)","3","Jewish Holidays"
"Parashat Eikev","27/8/2016",,,,"true","","3","Jewish Holidays"
"Parashat Re'eh","3/9/2016",,,,"true","","3","Jewish Holidays"
"Rosh Chodesh Elul","3/9/2016",,,,"true","Beginning of new Hebrew month of Elul","3","Jewish Holidays"
"Rosh Chodesh Elul","4/9/2016",,,,"true","Beginning of new Hebrew month of Elul","3","Jewish Holidays"
"Parashat Shoftim","10/9/2016",,,,"true","","3","Jewish Holidays"
"Parashat Ki Teitzei","17/9/2016",,,,"true","","3","Jewish Holidays"
"Parashat Ki Tavo","24/9/2016",,,,"true","","3","Jewish Holidays"
"Leil Selichot","24/9/2016",,,,"true","Prayers for forgivenes in preparation for the High Holidays","3","Jewish Holidays"
"Parashat Nitzavim","1/10/2016",,,,"true","","3","Jewish Holidays"
"Erev Rosh Hashana","2/10/2016",,,,"true","The Jewish New Year","3","Jewish Holidays"
"Rosh Hashana 5777","3/10/2016",,,,"true","The Jewish New Year","4","Jewish Holidays"
"Rosh Hashana II","4/10/2016",,,,"true","The Jewish New Year","4","Jewish Holidays"
"Tzom Gedaliah","5/10/2016",,,,"true","Fast of the Seventh Month; commemorates the assassination of the Jewish governor of Judah","3","Jewish Holidays"
"Parashat Vayeilech","8/10/2016",,,,"true","","3","Jewish Holidays"
"Shabbat Shuva","8/10/2016",,,,"true","Shabbat that falls between Rosh Hashanah and Yom Kippur (Shabbat of Returning)","3","Jewish Holidays"
"Erev Yom Kippur","11/10/2016",,,,"true","Day of Atonement","3","Jewish Holidays"
"Yom Kippur","12/10/2016",,,,"true","Day of Atonement","4","Jewish Holidays"
"Parashat Ha'Azinu","15/10/2016",,,,"true","","3","Jewish Holidays"
"Erev Sukkot","16/10/2016",,,,"true","Feast of Tabernacles","3","Jewish Holidays"
"Sukkot I","17/10/2016",,,,"true","Feast of Tabernacles","4","Jewish Holidays"
"Sukkot II","18/10/2016",,,,"true","Feast of Tabernacles","4","Jewish Holidays"
"Sukkot III (CH''M)","19/10/2016",,,,"true","Feast of Tabernacles","3","Jewish Holidays"
"Sukkot IV (CH''M)","20/10/2016",,,,"true","Feast of Tabernacles","3","Jewish Holidays"
"Sukkot V (CH''M)","21/10/2016",,,,"true","Feast of Tabernacles","3","Jewish Holidays"
"Sukkot VI (CH''M)","22/10/2016",,,,"true","Feast of Tabernacles","3","Jewish Holidays"
"Sukkot VII (Hoshana Raba)","23/10/2016",,,,"true","Feast of Tabernacles","3","Jewish Holidays"
"Shmini Atzeret","24/10/2016",,,,"true","Eighth Day of Assembly","4","Jewish Holidays"
"Simchat Torah","25/10/2016",,,,"true","Day of Celebrating the Torah","4","Jewish Holidays"
"Parashat Bereshit","29/10/2016",,,,"true","","3","Jewish Holidays"
"Rosh Chodesh Cheshvan","1/11/2016",,,,"true","Beginning of new Hebrew month of Cheshvan","3","Jewish Holidays"
"Rosh Chodesh Cheshvan","2/11/2016",,,,"true","Beginning of new Hebrew month of Cheshvan","3","Jewish Holidays"
"Parashat Noach","5/11/2016",,,,"true","","3","Jewish Holidays"
"Parashat Lech-Lecha","12/11/2016",,,,"true","","3","Jewish Holidays"
"Parashat Vayera","19/11/2016",,,,"true","","3","Jewish Holidays"
"Parashat Chayei Sara","26/11/2016",,,,"true","","3","Jewish Holidays"
"Rosh Chodesh Kislev","1/12/2016",,,,"true","Beginning of new Hebrew month of Kislev","3","Jewish Holidays"
"Parashat Toldot","3/12/2016",,,,"true","","3","Jewish Holidays"
"Parashat Vayetzei","10/12/2016",,,,"true","","3","Jewish Holidays"
"Parashat Vayishlach","17/12/2016",,,,"true","","3","Jewish Holidays"
"Parashat Vayeshev","24/12/2016",,,,"true","","3","Jewish Holidays"
"Chanukah: 1 Candle","24/12/2016",,,,"true","The Jewish festival of rededication; also known as the Festival of Lights","3","Jewish Holidays"
"Chanukah: 2 Candles","25/12/2016",,,,"true","The Jewish festival of rededication; also known as the Festival of Lights","3","Jewish Holidays"
"Chanukah: 3 Candles","26/12/2016",,,,"true","The Jewish festival of rededication; also known as the Festival of Lights","3","Jewish Holidays"
"Chanukah: 4 Candles","27/12/2016",,,,"true","The Jewish festival of rededication; also known as the Festival of Lights","3","Jewish Holidays"
"Chanukah: 5 Candles","28/12/2016",,,,"true","The Jewish festival of rededication; also known as the Festival of Lights","3","Jewish Holidays"
"Chanukah: 6 Candles","29/12/2016",,,,"true","The Jewish festival of rededication; also known as the Festival of Lights","3","Jewish Holidays"
"Rosh Chodesh Tevet","30/12/2016",,,,"true","Beginning of new Hebrew month of Tevet","3","Jewish Holidays"
"Chanukah: 7 Candles","30/12/2016",,,,"true","The Jewish festival of rededication; also known as the Festival of Lights","3","Jewish Holidays"
"Parashat Miketz","31/12/2016",,,,"true","","3","Jewish Holidays"
"Chanukah: 8 Candles","31/12/2016",,,,"true","The Jewish festival of rededication; also known as the Festival of Lights","3","Jewish Holidays"
"Chanukah: 8th Day","1/1/2017",,,,"true","The Jewish festival of rededication; also known as the Festival of Lights","3","Jewish Holidays"
"Parashat Vayigash","7/1/2017",,,,"true","","3","Jewish Holidays"
"Asara B'Tevet","8/1/2017",,,,"true","Fast commemorating the siege of Jerusalem","3","Jewish Holidays"
"Parashat Vayechi","14/1/2017",,,,"true","","3","Jewish Holidays"
"Parashat Shemot","21/1/2017",,,,"true","","3","Jewish Holidays"
"Parashat Vaera","28/1/2017",,,,"true","","3","Jewish Holidays"
"Rosh Chodesh Sh'vat","28/1/2017",,,,"true","Beginning of new Hebrew month of Sh'vat","3","Jewish Holidays"
"Parashat Bo","4/2/2017",,,,"true","","3","Jewish Holidays"
"Parashat Beshalach","11/2/2017",,,,"true","","3","Jewish Holidays"
"Tu BiShvat","11/2/2017",,,,"true","New Year for Trees","3","Jewish Holidays"
"Parashat Yitro","18/2/2017",,,,"true","","3","Jewish Holidays"
"Parashat Mishpatim","25/2/2017",,,,"true","","3","Jewish Holidays"
"Shabbat Shekalim","25/2/2017",,,,"true","Shabbat before Rosh Chodesh Adar","3","Jewish Holidays"
"Rosh Chodesh Adar","26/2/2017",,,,"true","Beginning of new Hebrew month of Adar","3","Jewish Holidays"
"Rosh Chodesh Adar","27/2/2017",,,,"true","Beginning of new Hebrew month of Adar","3","Jewish Holidays"
"Parashat Terumah","4/3/2017",,,,"true","","3","Jewish Holidays"
"Ta'anit Esther","9/3/2017",,,,"true","Fast of Esther","3","Jewish Holidays"
"Parashat Tetzaveh","11/3/2017",,,,"true","","3","Jewish Holidays"
"Shabbat Zachor","11/3/2017",,,,"true","Shabbat before Purim","3","Jewish Holidays"
"Erev Purim","11/3/2017",,,,"true","Purim is one of the most joyous and fun holidays on the Jewish calendar","3","Jewish Holidays"
"Purim","12/3/2017",,,,"true","Purim is one of the most joyous and fun holidays on the Jewish calendar","3","Jewish Holidays"
"Shushan Purim","13/3/2017",,,,"true","Purim celebrated in Jerusalem and walled cities","3","Jewish Holidays"
"Parashat Ki Tisa","18/3/2017",,,,"true","","3","Jewish Holidays"
"Shabbat Parah","18/3/2017",,,,"true","Shabbat of the Red Heifer","3","Jewish Holidays"
"Parashat Vayakhel-Pekudei","25/3/2017",,,,"true","","3","Jewish Holidays"
"Shabbat HaChodesh","25/3/2017",,,,"true","Shabbat before Rosh Chodesh Nissan","3","Jewish Holidays"
"Rosh Chodesh Nisan","28/3/2017",,,,"true","Beginning of new Hebrew month of Nisan","3","Jewish Holidays"
"Parashat Vayikra","1/4/2017",,,,"true","","3","Jewish Holidays"
"Parashat Tzav","8/4/2017",,,,"true","","3","Jewish Holidays"
"Shabbat HaGadol","8/4/2017",,,,"true","Shabbat before Pesach","3","Jewish Holidays"
"Ta'anit Bechorot","10/4/2017",,,,"true","Fast of the First Born","3","Jewish Holidays"
"Erev Pesach","10/4/2017",,,,"true","Passover; the Feast of Unleavened Bread","3","Jewish Holidays"
"Pesach I","11/4/2017",,,,"true","Passover; the Feast of Unleavened Bread","4","Jewish Holidays"
"Pesach II","12/4/2017",,,,"true","Passover; the Feast of Unleavened Bread","4","Jewish Holidays"
"Pesach III (CH''M)","13/4/2017",,,,"true","Passover; the Feast of Unleavened Bread","3","Jewish Holidays"
"Pesach IV (CH''M)","14/4/2017",,,,"true","Passover; the Feast of Unleavened Bread","3","Jewish Holidays"
"Pesach V (CH''M)","15/4/2017",,,,"true","Passover; the Feast of Unleavened Bread","3","Jewish Holidays"
"Pesach VI (CH''M)","16/4/2017",,,,"true","Passover; the Feast of Unleavened Bread","3","Jewish Holidays"
"Pesach VII","17/4/2017",,,,"true","Passover; the Feast of Unleavened Bread","4","Jewish Holidays"
"Pesach VIII","18/4/2017",,,,"true","Passover; the Feast of Unleavened Bread","4","Jewish Holidays"
"Parashat Shmini","22/4/2017",,,,"true","","3","Jewish Holidays"
"Yom HaShoah","24/4/2017",,,,"true","Holocaust Memorial Day","3","Jewish Holidays"
"Rosh Chodesh Iyyar","26/4/2017",,,,"true","Beginning of new Hebrew month of Iyyar","3","Jewish Holidays"
"Rosh Chodesh Iyyar","27/4/2017",,,,"true","Beginning of new Hebrew month of Iyyar","3","Jewish Holidays"
"Parashat Tazria-Metzora","29/4/2017",,,,"true","","3","Jewish Holidays"
"Yom HaZikaron","1/5/2017",,,,"true","Israeli Memorial Day","3","Jewish Holidays"
"Yom HaAtzma'ut","2/5/2017",,,,"true","Israeli Independence Day","3","Jewish Holidays"
"Parashat Achrei Mot-Kedoshim","6/5/2017",,,,"true","","3","Jewish Holidays"
"Pesach Sheni","10/5/2017",,,,"true","Second Passover; one month after Passover","3","Jewish Holidays"
"Parashat Emor","13/5/2017",,,,"true","","3","Jewish Holidays"
"Lag B'Omer","14/5/2017",,,,"true","33rd day of counting the Omer","3","Jewish Holidays"
"Parashat Behar-Bechukotai","20/5/2017",,,,"true","","3","Jewish Holidays"
"Yom Yerushalayim","24/5/2017",,,,"true","Jerusalem Day","3","Jewish Holidays"
"Rosh Chodesh Sivan","26/5/2017",,,,"true","Beginning of new Hebrew month of Sivan","3","Jewish Holidays"
"Parashat Bamidbar","27/5/2017",,,,"true","","3","Jewish Holidays"
"Erev Shavuot","30/5/2017",,,,"true","Festival of Weeks; commemorates the giving of the Torah at Mount Sinai","3","Jewish Holidays"
"Shavuot I","31/5/2017",,,,"true","Festival of Weeks; commemorates the giving of the Torah at Mount Sinai","4","Jewish Holidays"
"Shavuot II","1/6/2017",,,,"true","Festival of Weeks; commemorates the giving of the Torah at Mount Sinai","4","Jewish Holidays"
"Parashat Nasso","3/6/2017",,,,"true","","3","Jewish Holidays"
"Parashat Beha'alotcha","10/6/2017",,,,"true","","3","Jewish Holidays"
"Parashat Sh'lach","17/6/2017",,,,"true","","3","Jewish Holidays"
"Parashat Korach","24/6/2017",,,,"true","","3","Jewish Holidays"
"Rosh Chodesh Tamuz","24/6/2017",,,,"true","Beginning of new Hebrew month of Tamuz","3","Jewish Holidays"
"Rosh Chodesh Tamuz","25/6/2017",,,,"true","Beginning of new Hebrew month of Tamuz","3","Jewish Holidays"
"Parashat Chukat","1/7/2017",,,,"true","","3","Jewish Holidays"
"Parashat Balak","8/7/2017",,,,"true","","3","Jewish Holidays"
"Tzom Tammuz","11/7/2017",,,,"true","Fast commemorating breaching of the walls of Jerusalem by Nebuchadnezzar","3","Jewish Holidays"
"Parashat Pinchas","15/7/2017",,,,"true","","3","Jewish Holidays"
"Parashat Matot-Masei","22/7/2017",,,,"true","","3","Jewish Holidays"
"Rosh Chodesh Av","24/7/2017",,,,"true","Beginning of new Hebrew month of Av","3","Jewish Holidays"
"Parashat Devarim","29/7/2017",,,,"true","","3","Jewish Holidays"
"Shabbat Chazon","29/7/2017",,,,"true","Shabbat before Tish'a B'Av (Shabbat of Prophecy/Shabbat of Vision)","3","Jewish Holidays"
"Erev Tish'a B'Av","31/7/2017",,,,"true","The Ninth of Av; fast commemorating the destruction of the two Temples","3","Jewish Holidays"
"Tish'a B'Av","1/8/2017",,,,"true","The Ninth of Av; fast commemorating the destruction of the two Temples","3","Jewish Holidays"
"Parashat Vaetchanan","5/8/2017",,,,"true","","3","Jewish Holidays"
"Shabbat Nachamu","5/8/2017",,,,"true","Shabbat after Tish'a B'Av (Shabbat of Consolation)","3","Jewish Holidays"
"Parashat Eikev","12/8/2017",,,,"true","","3","Jewish Holidays"
"Parashat Re'eh","19/8/2017",,,,"true","","3","Jewish Holidays"
"Rosh Chodesh Elul","22/8/2017",,,,"true","Beginning of new Hebrew month of Elul","3","Jewish Holidays"
"Rosh Chodesh Elul","23/8/2017",,,,"true","Beginning of new Hebrew month of Elul","3","Jewish Holidays"
"Parashat Shoftim","26/8/2017",,,,"true","","3","Jewish Holidays"
"Parashat Ki Teitzei","2/9/2017",,,,"true","","3","Jewish Holidays"
"Parashat Ki Tavo","9/9/2017",,,,"true","","3","Jewish Holidays"
"Parashat Nitzavim-Vayeilech","16/9/2017",,,,"true","","3","Jewish Holidays"
"Leil Selichot","16/9/2017",,,,"true","Prayers for forgivenes in preparation for the High Holidays","3","Jewish Holidays"
"Erev Rosh Hashana","20/9/2017",,,,"true","The Jewish New Year","3","Jewish Holidays"
"Rosh Hashana 5778","21/9/2017",,,,"true","The Jewish New Year","4","Jewish Holidays"
"Rosh Hashana II","22/9/2017",,,,"true","The Jewish New Year","4","Jewish Holidays"
"Parashat Ha'Azinu","23/9/2017",,,,"true","","3","Jewish Holidays"
"Shabbat Shuva","23/9/2017",,,,"true","Shabbat that falls between Rosh Hashanah and Yom Kippur (Shabbat of Returning)","3","Jewish Holidays"
"Tzom Gedaliah","24/9/2017",,,,"true","Fast of the Seventh Month; commemorates the assassination of the Jewish governor of Judah","3","Jewish Holidays"
"Erev Yom Kippur","29/9/2017",,,,"true","Day of Atonement","3","Jewish Holidays"
"Yom Kippur","30/9/2017",,,,"true","Day of Atonement","4","Jewish Holidays"
"Erev Sukkot","4/10/2017",,,,"true","Feast of Tabernacles","3","Jewish Holidays"
"Sukkot I","5/10/2017",,,,"true","Feast of Tabernacles","4","Jewish Holidays"
"Sukkot II","6/10/2017",,,,"true","Feast of Tabernacles","4","Jewish Holidays"
"Sukkot III (CH''M)","7/10/2017",,,,"true","Feast of Tabernacles","3","Jewish Holidays"
"Sukkot IV (CH''M)","8/10/2017",,,,"true","Feast of Tabernacles","3","Jewish Holidays"
"Sukkot V (CH''M)","9/10/2017",,,,"true","Feast of Tabernacles","3","Jewish Holidays"
"Sukkot VI (CH''M)","10/10/2017",,,,"true","Feast of Tabernacles","3","Jewish Holidays"
"Sukkot VII (Hoshana Raba)","11/10/2017",,,,"true","Feast of Tabernacles","3","Jewish Holidays"
"Shmini Atzeret","12/10/2017",,,,"true","Eighth Day of Assembly","4","Jewish Holidays"
"Simchat Torah","13/10/2017",,,,"true","Day of Celebrating the Torah","4","Jewish Holidays"
"Parashat Bereshit","14/10/2017",,,,"true","","3","Jewish Holidays"
"Rosh Chodesh Cheshvan","20/10/2017",,,,"true","Beginning of new Hebrew month of Cheshvan","3","Jewish Holidays"
"Parashat Noach","21/10/2017",,,,"true","","3","Jewish Holidays"
"Rosh Chodesh Cheshvan","21/10/2017",,,,"true","Beginning of new Hebrew month of Cheshvan","3","Jewish Holidays"
"Parashat Lech-Lecha","28/10/2017",,,,"true","","3","Jewish Holidays"
"Parashat Vayera","4/11/2017",,,,"true","","3","Jewish Holidays"
"Parashat Chayei Sara","11/11/2017",,,,"true","","3","Jewish Holidays"
"Parashat Toldot","18/11/2017",,,,"true","","3","Jewish Holidays"
"Rosh Chodesh Kislev","19/11/2017",,,,"true","Beginning of new Hebrew month of Kislev","3","Jewish Holidays"
"Parashat Vayetzei","25/11/2017",,,,"true","","3","Jewish Holidays"
"Parashat Vayishlach","2/12/2017",,,,"true","","3","Jewish Holidays"
"Parashat Vayeshev","9/12/2017",,,,"true","","3","Jewish Holidays"
"Chanukah: 1 Candle","12/12/2017",,,,"true","The Jewish festival of rededication; also known as the Festival of Lights","3","Jewish Holidays"
"Chanukah: 2 Candles","13/12/2017",,,,"true","The Jewish festival of rededication; also known as the Festival of Lights","3","Jewish Holidays"
"Chanukah: 3 Candles","14/12/2017",,,,"true","The Jewish festival of rededication; also known as the Festival of Lights","3","Jewish Holidays"
"Chanukah: 4 Candles","15/12/2017",,,,"true","The Jewish festival of rededication; also known as the Festival of Lights","3","Jewish Holidays"
"Parashat Miketz","16/12/2017",,,,"true","","3","Jewish Holidays"
"Chanukah: 5 Candles","16/12/2017",,,,"true","The Jewish festival of rededication; also known as the Festival of Lights","3","Jewish Holidays"
"Chanukah: 6 Candles","17/12/2017",,,,"true","The Jewish festival of rededication; also known as the Festival of Lights","3","Jewish Holidays"
"Rosh Chodesh Tevet","18/12/2017",,,,"true","Beginning of new Hebrew month of Tevet","3","Jewish Holidays"
"Chanukah: 7 Candles","18/12/2017",,,,"true","The Jewish festival of rededication; also known as the Festival of Lights","3","Jewish Holidays"
"Rosh Chodesh Tevet","19/12/2017",,,,"true","Beginning of new Hebrew month of Tevet","3","Jewish Holidays"
"Chanukah: 8 Candles","19/12/2017",,,,"true","The Jewish festival of rededication; also known as the Festival of Lights","3","Jewish Holidays"
"Chanukah: 8th Day","20/12/2017",,,,"true","The Jewish festival of rededication; also known as the Festival of Lights","3","Jewish Holidays"
"Parashat Vayigash","23/12/2017",,,,"true","","3","Jewish Holidays"
"Asara B'Tevet","28/12/2017",,,,"true","Fast commemorating the siege of Jerusalem","3","Jewish Holidays"
"Parashat Vayechi","30/12/2017",,,,"true","","3","Jewish Holidays"
"Parashat Shemot","6/1/2018",,,,"true","","3","Jewish Holidays"
"Parashat Vaera","13/1/2018",,,,"true","","3","Jewish Holidays"
"Rosh Chodesh Sh'vat","17/1/2018",,,,"true","Beginning of new Hebrew month of Sh'vat","3","Jewish Holidays"
"Parashat Bo","20/1/2018",,,,"true","","3","Jewish Holidays"
"Parashat Beshalach","27/1/2018",,,,"true","","3","Jewish Holidays"
"Tu BiShvat","31/1/2018",,,,"true","New Year for Trees","3","Jewish Holidays"
"Parashat Yitro","3/2/2018",,,,"true","","3","Jewish Holidays"
"Parashat Mishpatim","10/2/2018",,,,"true","","3","Jewish Holidays"
"Shabbat Shekalim","10/2/2018",,,,"true","Shabbat before Rosh Chodesh Adar","3","Jewish Holidays"
"Rosh Chodesh Adar","15/2/2018",,,,"true","Beginning of new Hebrew month of Adar","3","Jewish Holidays"
"Rosh Chodesh Adar","16/2/2018",,,,"true","Beginning of new Hebrew month of Adar","3","Jewish Holidays"
"Parashat Terumah","17/2/2018",,,,"true","","3","Jewish Holidays"
"Parashat Tetzaveh","24/2/2018",,,,"true","","3","Jewish Holidays"
"Shabbat Zachor","24/2/2018",,,,"true","Shabbat before Purim","3","Jewish Holidays"
"Ta'anit Esther","28/2/2018",,,,"true","Fast of Esther","3","Jewish Holidays"
"Erev Purim","28/2/2018",,,,"true","Purim is one of the most joyous and fun holidays on the Jewish calendar","3","Jewish Holidays"
"Purim","1/3/2018",,,,"true","Purim is one of the most joyous and fun holidays on the Jewish calendar","3","Jewish Holidays"
"Shushan Purim","2/3/2018",,,,"true","Purim celebrated in Jerusalem and walled cities","3","Jewish Holidays"
"Parashat Ki Tisa","3/3/2018",,,,"true","","3","Jewish Holidays"
"Parashat Vayakhel-Pekudei","10/3/2018",,,,"true","","3","Jewish Holidays"
"Shabbat Parah","10/3/2018",,,,"true","Shabbat of the Red Heifer","3","Jewish Holidays"
"Parashat Vayikra","17/3/2018",,,,"true","","3","Jewish Holidays"
"Rosh Chodesh Nisan","17/3/2018",,,,"true","Beginning of new Hebrew month of Nisan","3","Jewish Holidays"
"Shabbat HaChodesh","17/3/2018",,,,"true","Shabbat before Rosh Chodesh Nissan","3","Jewish Holidays"
"Parashat Tzav","24/3/2018",,,,"true","","3","Jewish Holidays"
"Shabbat HaGadol","24/3/2018",,,,"true","Shabbat before Pesach","3","Jewish Holidays"
"Ta'anit Bechorot","30/3/2018",,,,"true","Fast of the First Born","3","Jewish Holidays"
"Erev Pesach","30/3/2018",,,,"true","Passover; the Feast of Unleavened Bread","3","Jewish Holidays"
"Pesach I","31/3/2018",,,,"true","Passover; the Feast of Unleavened Bread","4","Jewish Holidays"
"Pesach II","1/4/2018",,,,"true","Passover; the Feast of Unleavened Bread","4","Jewish Holidays"
"Pesach III (CH''M)","2/4/2018",,,,"true","Passover; the Feast of Unleavened Bread","3","Jewish Holidays"
"Pesach IV (CH''M)","3/4/2018",,,,"true","Passover; the Feast of Unleavened Bread","3","Jewish Holidays"
"Pesach V (CH''M)","4/4/2018",,,,"true","Passover; the Feast of Unleavened Bread","3","Jewish Holidays"
"Pesach VI (CH''M)","5/4/2018",,,,"true","Passover; the Feast of Unleavened Bread","3","Jewish Holidays"
"Pesach VII","6/4/2018",,,,"true","Passover; the Feast of Unleavened Bread","4","Jewish Holidays"
"Pesach VIII","7/4/2018",,,,"true","Passover; the Feast of Unleavened Bread","4","Jewish Holidays"
"Yom HaShoah","12/4/2018",,,,"true","Holocaust Memorial Day","3","Jewish Holidays"
"Parashat Shmini","14/4/2018",,,,"true","","3","Jewish Holidays"
"Rosh Chodesh Iyyar","15/4/2018",,,,"true","Beginning of new Hebrew month of Iyyar","3","Jewish Holidays"
"Rosh Chodesh Iyyar","16/4/2018",,,,"true","Beginning of new Hebrew month of Iyyar","3","Jewish Holidays"
"Yom HaZikaron","18/4/2018",,,,"true","Israeli Memorial Day","3","Jewish Holidays"
"Yom HaAtzma'ut","19/4/2018",,,,"true","Israeli Independence Day","3","Jewish Holidays"
"Parashat Tazria-Metzora","21/4/2018",,,,"true","","3","Jewish Holidays"
"Parashat Achrei Mot-Kedoshim","28/4/2018",,,,"true","","3","Jewish Holidays"
"Pesach Sheni","29/4/2018",,,,"true","Second Passover; one month after Passover","3","Jewish Holidays"
"Lag B'Omer","3/5/2018",,,,"true","33rd day of counting the Omer","3","Jewish Holidays"
"Parashat Emor","5/5/2018",,,,"true","","3","Jewish Holidays"
"Parashat Behar-Bechukotai","12/5/2018",,,,"true","","3","Jewish Holidays"
"Yom Yerushalayim","13/5/2018",,,,"true","Jerusalem Day","3","Jewish Holidays"
"Rosh Chodesh Sivan","15/5/2018",,,,"true","Beginning of new Hebrew month of Sivan","3","Jewish Holidays"
"Parashat Bamidbar","19/5/2018",,,,"true","","3","Jewish Holidays"
"Erev Shavuot","19/5/2018",,,,"true","Festival of Weeks; commemorates the giving of the Torah at Mount Sinai","3","Jewish Holidays"
"Shavuot I","20/5/2018",,,,"true","Festival of Weeks; commemorates the giving of the Torah at Mount Sinai","4","Jewish Holidays"
"Shavuot II","21/5/2018",,,,"true","Festival of Weeks; commemorates the giving of the Torah at Mount Sinai","4","Jewish Holidays"
"Parashat Nasso","26/5/2018",,,,"true","","3","Jewish Holidays"
"Parashat Beha'alotcha","2/6/2018",,,,"true","","3","Jewish Holidays"
"Parashat Sh'lach","9/6/2018",,,,"true","","3","Jewish Holidays"
"Rosh Chodesh Tamuz","13/6/2018",,,,"true","Beginning of new Hebrew month of Tamuz","3","Jewish Holidays"
"Rosh Chodesh Tamuz","14/6/2018",,,,"true","Beginning of new Hebrew month of Tamuz","3","Jewish Holidays"
"Parashat Korach","16/6/2018",,,,"true","","3","Jewish Holidays"
"Parashat Chukat","23/6/2018",,,,"true","","3","Jewish Holidays"
"Parashat Balak","30/6/2018",,,,"true","","3","Jewish Holidays"
"Tzom Tammuz","1/7/2018",,,,"true","Fast commemorating breaching of the walls of Jerusalem by Nebuchadnezzar","3","Jewish Holidays"
"Parashat Pinchas","7/7/2018",,,,"true","","3","Jewish Holidays"
"Rosh Chodesh Av","13/7/2018",,,,"true","Beginning of new Hebrew month of Av","3","Jewish Holidays"
"Parashat Matot-Masei","14/7/2018",,,,"true","","3","Jewish Holidays"
"Parashat Devarim","21/7/2018",,,,"true","","3","Jewish Holidays"
"Shabbat Chazon","21/7/2018",,,,"true","Shabbat before Tish'a B'Av (Shabbat of Prophecy/Shabbat of Vision)","3","Jewish Holidays"
"Erev Tish'a B'Av","21/7/2018",,,,"true","The Ninth of Av; fast commemorating the destruction of the two Temples","3","Jewish Holidays"
"Tish'a B'Av","22/7/2018",,,,"true","The Ninth of Av; fast commemorating the destruction of the two Temples","3","Jewish Holidays"
"Parashat Vaetchanan","28/7/2018",,,,"true","","3","Jewish Holidays"
"Shabbat Nachamu","28/7/2018",,,,"true","Shabbat after Tish'a B'Av (Shabbat of Consolation)","3","Jewish Holidays"
"Parashat Eikev","4/8/2018",,,,"true","","3","Jewish Holidays"
"Parashat Re'eh","11/8/2018",,,,"true","","3","Jewish Holidays"
"Rosh Chodesh Elul","11/8/2018",,,,"true","Beginning of new Hebrew month of Elul","3","Jewish Holidays"
"Rosh Chodesh Elul","12/8/2018",,,,"true","Beginning of new Hebrew month of Elul","3","Jewish Holidays"
"Parashat Shoftim","18/8/2018",,,,"true","","3","Jewish Holidays"
"Parashat Ki Teitzei","25/8/2018",,,,"true","","3","Jewish Holidays"
"Parashat Ki Tavo","1/9/2018",,,,"true","","3","Jewish Holidays"
"Leil Selichot","1/9/2018",,,,"true","Prayers for forgivenes in preparation for the High Holidays","3","Jewish Holidays"
"Parashat Nitzavim","8/9/2018",,,,"true","","3","Jewish Holidays"
"Erev Rosh Hashana","9/9/2018",,,,"true","The Jewish New Year","3","Jewish Holidays"
"Rosh Hashana 5779","10/9/2018",,,,"true","The Jewish New Year","4","Jewish Holidays"
"Rosh Hashana II","11/9/2018",,,,"true","The Jewish New Year","4","Jewish Holidays"
"Tzom Gedaliah","12/9/2018",,,,"true","Fast of the Seventh Month; commemorates the assassination of the Jewish governor of Judah","3","Jewish Holidays"
"Parashat Vayeilech","15/9/2018",,,,"true","","3","Jewish Holidays"
"Shabbat Shuva","15/9/2018",,,,"true","Shabbat that falls between Rosh Hashanah and Yom Kippur (Shabbat of Returning)","3","Jewish Holidays"
"Erev Yom Kippur","18/9/2018",,,,"true","Day of Atonement","3","Jewish Holidays"
"Yom Kippur","19/9/2018",,,,"true","Day of Atonement","4","Jewish Holidays"
"Parashat Ha'Azinu","22/9/2018",,,,"true","","3","Jewish Holidays"
"Erev Sukkot","23/9/2018",,,,"true","Feast of Tabernacles","3","Jewish Holidays"
"Sukkot I","24/9/2018",,,,"true","Feast of Tabernacles","4","Jewish Holidays"
"Sukkot II","25/9/2018",,,,"true","Feast of Tabernacles","4","Jewish Holidays"
"Sukkot III (CH''M)","26/9/2018",,,,"true","Feast of Tabernacles","3","Jewish Holidays"
"Sukkot IV (CH''M)","27/9/2018",,,,"true","Feast of Tabernacles","3","Jewish Holidays"
"Sukkot V (CH''M)","28/9/2018",,,,"true","Feast of Tabernacles","3","Jewish Holidays"
"Sukkot VI (CH''M)","29/9/2018",,,,"true","Feast of Tabernacles","3","Jewish Holidays"
"Sukkot VII (Hoshana Raba)","30/9/2018",,,,"true","Feast of Tabernacles","3","Jewish Holidays"
"Shmini Atzeret","1/10/2018",,,,"true","Eighth Day of Assembly","4","Jewish Holidays"
"Simchat Torah","2/10/2018",,,,"true","Day of Celebrating the Torah","4","Jewish Holidays"
"Parashat Bereshit","6/10/2018",,,,"true","","3","Jewish Holidays"
"Rosh Chodesh Cheshvan","9/10/2018",,,,"true","Beginning of new Hebrew month of Cheshvan","3","Jewish Holidays"
"Rosh Chodesh Cheshvan","10/10/2018",,,,"true","Beginning of new Hebrew month of Cheshvan","3","Jewish Holidays"
"Parashat Noach","13/10/2018",,,,"true","","3","Jewish Holidays"
"Parashat Lech-Lecha","20/10/2018",,,,"true","","3","Jewish Holidays"
"Parashat Vayera","27/10/2018",,,,"true","","3","Jewish Holidays"
"Parashat Chayei Sara","3/11/2018",,,,"true","","3","Jewish Holidays"
"Rosh Chodesh Kislev","8/11/2018",,,,"true","Beginning of new Hebrew month of Kislev","3","Jewish Holidays"
"Rosh Chodesh Kislev","9/11/2018",,,,"true","Beginning of new Hebrew month of Kislev","3","Jewish Holidays"
"Parashat Toldot","10/11/2018",,,,"true","","3","Jewish Holidays"
"Parashat Vayetzei","17/11/2018",,,,"true","","3","Jewish Holidays"
"Parashat Vayishlach","24/11/2018",,,,"true","","3","Jewish Holidays"
"Parashat Vayeshev","1/12/2018",,,,"true","","3","Jewish Holidays"
"Chanukah: 1 Candle","2/12/2018",,,,"true","The Jewish festival of rededication; also known as the Festival of Lights","3","Jewish Holidays"
"Chanukah: 2 Candles","3/12/2018",,,,"true","The Jewish festival of rededication; also known as the Festival of Lights","3","Jewish Holidays"
"Chanukah: 3 Candles","4/12/2018",,,,"true","The Jewish festival of rededication; also known as the Festival of Lights","3","Jewish Holidays"
"Chanukah: 4 Candles","5/12/2018",,,,"true","The Jewish festival of rededication; also known as the Festival of Lights","3","Jewish Holidays"
"Chanukah: 5 Candles","6/12/2018",,,,"true","The Jewish festival of rededication; also known as the Festival of Lights","3","Jewish Holidays"
"Chanukah: 6 Candles","7/12/2018",,,,"true","The Jewish festival of rededication; also known as the Festival of Lights","3","Jewish Holidays"
"Parashat Miketz","8/12/2018",,,,"true","","3","Jewish Holidays"
"Rosh Chodesh Tevet","8/12/2018",,,,"true","Beginning of new Hebrew month of Tevet","3","Jewish Holidays"
"Chanukah: 7 Candles","8/12/2018",,,,"true","The Jewish festival of rededication; also known as the Festival of Lights","3","Jewish Holidays"
"Rosh Chodesh Tevet","9/12/2018",,,,"true","Beginning of new Hebrew month of Tevet","3","Jewish Holidays"
"Chanukah: 8 Candles","9/12/2018",,,,"true","The Jewish festival of rededication; also known as the Festival of Lights","3","Jewish Holidays"
"Chanukah: 8th Day","10/12/2018",,,,"true","The Jewish festival of rededication; also known as the Festival of Lights","3","Jewish Holidays"
"Parashat Vayigash","15/12/2018",,,,"true","","3","Jewish Holidays"
"Asara B'Tevet","18/12/2018",,,,"true","Fast commemorating the siege of Jerusalem","3","Jewish Holidays"
"Parashat Vayechi","22/12/2018",,,,"true","","3","Jewish Holidays"
"Parashat Shemot","29/12/2018",,,,"true","","3","Jewish Holidays"
